size_m2,bedrooms,age_years,price
132.2,3,28.5,165191.0
78.4,2,29.5,115760.0
150.0,4,42.5,163645.0
157.6,1,0.2,196117.0
42.0,2,42.7,78720.0
67.9,4,31.0,117821.0
125.1,4,8.1,196998.0
107.4,1,38.6,146582.0
119.3,3,42.8,128711.0
85.9,2,12.7,152916.0
155.2,3,45.9,166130.0
151.1,5,22.7,208040.0
122.6,1,30.2,147294.0
165.1,5,49.2,182859.0
138.7,3,18.1,148869.0
85.6,4,40.7,116097.0
134.8,3,15.9,150332.0
81.6,2,40.0,122013.0
155.1,4,30.0,210354.0
118.0,4,10.8,153758.0
112.6,1,20.7,147454.0
92.8,4,15.9,129077.0
168.9,4,3.9,206241.0
113.8,2,1.5,171159.0
102.9,5,17.3,151608.0
105.9,4,1.0,186847.0
141.3,2,8.3,172965.0
134.6,1,36.3,168391.0
136.5,4,35.4,169077.0
137.2,2,36.9,171289.0
205.7,4,15.9,234877.0
103.7,3,44.5,127925.0
99.5,3,29.7,132012.0
87.4,1,6.3,116383.0
144.6,4,7.2,201795.0
165.2,1,34.7,191604.0
115.4,3,8.6,169613.0
86.4,5,25.4,155590.0
87.0,5,49.6,140306.0
146.0,5,0.2,195677.0
149.7,5,0.8,209856.0
141.7,3,49.7,150407.0
93.4,2,29.2,124853.0
129.3,5,6.3,173554.0
124.7,5,44.9,179583.0
128.7,5,44.0,164917.0
154.9,4,26.8,186015.0
128.9,1,31.1,169300.0
147.2,3,13.7,153686.0
122.7,3,2.5,140706.0
131.6,5,29.7,182509.0
145.3,2,14.7,180791.0
61.7,2,33.2,97390.0
107.2,1,41.8,105509.0
101.2,5,0.9,160173.0
94.4,4,29.8,163182.0
109.0,1,11.6,157519.0
179.8,3,43.7,200147.0
85.4,3,12.7,124634.0
158.7,3,30.5,180616.0
52.7,5,27.7,68872.0
106.6,1,19.8,141924.0
126.5,2,33.9,164213.0
143.4,1,36.3,137697.0
148.4,2,28.3,164675.0
151.7,5,37.9,166446.0
106.1,5,49.2,121463.0
101.5,1,21.0,133579.0
154.3,4,25.7,158184.0
112.3,2,0.6,167953.0
69.0,1,39.8,103502.0
74.7,2,26.0,105828.0
83.2,1,20.4,79450.0
139.9,3,4.7,170129.0
125.7,5,44.5,174931.0
147.6,3,19.8,141337.0
102.9,4,34.1,132929.0
126.3,3,7.5,153526.0
145.0,1,48.1,167743.0
107.6,1,8.9,135384.0
138.3,2,10.0,182517.0
93.5,2,42.9,124883.0
105.5,5,45.6,165096.0
104.7,5,10.6,154849.0
72.2,5,23.5,126496.0
139.5,4,36.7,147250.0
101.2,3,43.9,144607.0
120.5,4,19.0,151671.0
139.2,3,25.9,163385.0
137.9,4,37.1,167490.0
146.6,4,36.6,152577.0
116.1,4,39.1,150397.0
103.1,4,28.5,156175.0
116.8,1,5.2,160386.0
52.5,4,45.2,62303.0
62.1,2,43.3,86080.0
67.1,4,39.9,113570.0
80.1,3,5.0,102933.0
136.0,5,10.2,170138.0
83.8,2,37.2,124243.0
104.9,5,1.2,167743.0
172.0,5,49.0,201575.0
105.7,2,18.9,169753.0
149.5,3,36.0,181999.0
82.7,3,44.4,119631.0
111.8,4,19.7,195427.0
82.0,4,16.0,127018.0
106.4,5,30.4,135564.0
153.6,2,29.0,185238.0
50.9,3,20.5,102127.0
137.4,3,30.1,159685.0
129.5,5,46.8,143011.0
96.2,2,23.4,165229.0
62.2,3,9.8,116942.0
122.9,1,18.9,142296.0
98.8,5,19.7,160854.0
129.3,2,6.6,168806.0
120.9,2,8.1,158107.0
184.1,3,34.2,215561.0
110.4,3,17.0,131821.0
79.1,5,47.7,117797.0
127.2,3,12.2,197840.0
128.8,3,4.9,181945.0
174.4,1,37.7,182682.0
153.4,1,44.1,158026.0
134.3,2,13.9,164349.0
178.5,5,10.1,220807.0
72.4,5,9.3,123964.0
94.4,4,26.1,149053.0
82.9,4,23.4,100593.0
104.4,2,13.0,157114.0
64.9,1,2.3,105389.0
145.4,1,24.1,176075.0
111.1,2,48.0,112315.0
61.2,2,32.6,113405.0
79.4,1,24.8,129258.0
132.5,2,5.5,188360.0
153.5,1,12.6,161878.0
199.9,4,14.7,249476.0
236.6,5,38.2,266028.0
136.6,4,43.8,138538.0
80.4,3,45.1,106963.0
34.7,3,49.2,69177.0
130.7,2,49.1,154508.0
87.5,1,47.6,106803.0
103.4,3,3.6,157261.0
95.5,3,6.9,165935.0
114.4,1,15.2,166188.0
162.6,3,27.6,148783.0
126.3,2,4.8,163983.0
113.7,1,42.3,128445.0
78.6,4,30.8,91932.0
53.0,3,27.1,94853.0
100.5,4,8.3,170265.0
117.8,4,12.7,148168.0
190.7,5,8.0,241882.0
125.2,5,42.6,143395.0
159.3,4,29.2,181773.0
100.0,5,36.8,160132.0
72.6,3,14.8,110323.0
81.4,5,18.6,139051.0
91.0,4,20.2,107678.0
205.1,4,38.0,255759.0
87.1,5,38.6,134299.0
153.5,3,10.3,191244.0
83.9,4,47.1,121882.0
157.3,2,6.0,174770.0
135.4,5,44.8,182713.0
113.7,4,5.0,160489.0
118.4,4,13.2,161535.0
93.8,3,42.3,113658.0
137.8,5,9.0,179964.0
101.8,1,20.7,143634.0
71.0,1,22.5,108221.0
68.9,3,12.3,126413.0
126.9,4,35.5,158774.0
183.2,5,42.6,217005.0
126.4,3,43.7,143240.0
115.3,4,17.0,192995.0
131.4,3,26.5,140845.0
172.2,5,12.4,236478.0
128.8,4,12.2,195072.0
103.6,3,8.1,137587.0
164.3,5,47.0,223065.0
137.2,1,44.4,165728.0
181.4,5,38.9,224534.0
127.3,1,25.9,153487.0
71.0,2,24.5,103942.0
65.3,5,26.5,109713.0
186.0,4,26.8,223194.0
188.9,5,21.7,248033.0
112.8,4,6.6,166304.0
104.7,4,6.3,142764.0
178.5,2,47.6,202411.0
75.7,1,24.1,121503.0
84.2,1,47.7,111014.0
145.7,2,8.2,195435.0
104.2,1,27.7,127098.0
119.8,3,10.4,149649.0
113.5,4,12.7,147498.0
133.5,5,1.5,164719.0
176.3,3,5.9,220655.0
123.6,5,45.8,152504.0
145.8,5,16.1,184936.0
38.0,5,30.4,41616.0
118.1,3,23.3,135586.0
86.3,2,20.0,140443.0
71.2,5,26.6,108197.0
84.9,2,9.4,134178.0
106.6,3,49.4,107453.0
156.6,1,40.9,192004.0
66.9,4,37.1,101841.0
121.2,4,23.4,165391.0
100.6,1,7.6,174870.0
106.9,2,46.0,149330.0
160.1,3,17.1,191259.0
141.5,3,2.5,178971.0
173.5,5,17.1,210991.0
113.8,2,39.7,144253.0
92.2,5,31.1,132686.0
111.0,3,37.5,133487.0
129.7,5,39.7,184929.0
127.1,2,10.6,164285.0
76.6,1,46.2,129742.0
123.6,1,21.9,153479.0
129.1,2,32.0,181826.0
220.7,5,0.1,273920.0
195.1,1,49.7,214210.0
85.9,2,14.0,115987.0
108.5,1,3.1,136986.0
61.5,5,22.9,118464.0
96.4,4,6.5,163692.0
132.6,4,7.6,181396.0
168.2,4,31.6,179146.0
90.8,4,19.6,115561.0
93.8,4,46.1,101388.0
34.1,1,16.0,48609.0
113.5,5,36.3,152001.0
77.5,4,23.1,138796.0
98.8,4,33.0,134940.0
84.9,2,30.0,82536.0
116.2,5,23.6,157562.0
49.7,2,47.5,71778.0
61.3,1,17.1,130345.0
205.2,5,8.9,227479.0
68.5,2,33.9,93450.0
76.1,1,42.3,122723.0
193.5,4,2.0,245671.0
236.2,2,22.5,265543.0
73.1,5,44.6,110768.0
105.3,3,37.5,139204.0
133.7,1,49.6,156206.0
189.1,5,26.6,212148.0
80.5,3,33.0,127844.0
110.2,2,15.1,127501.0
151.1,4,47.4,178484.0
137.4,3,18.3,177343.0
105.0,1,36.9,117059.0
114.6,4,20.2,156748.0
65.0,3,28.1,94311.0
110.5,4,36.0,127757.0
109.3,5,25.4,147838.0
129.3,4,45.4,138586.0
97.8,4,21.0,146271.0
138.9,2,32.4,146312.0
160.5,2,17.1,202867.0
126.2,3,20.4,145629.0
134.1,5,22.0,168967.0
122.1,3,6.3,158770.0
120.0,2,4.6,183129.0
91.1,4,33.4,132954.0
132.7,5,32.8,166552.0
116.1,5,33.1,162091.0
203.7,2,1.0,209153.0
182.9,4,16.3,220197.0
135.4,3,9.9,207919.0
89.5,3,38.9,121171.0
75.5,2,43.0,101153.0
167.6,1,12.3,205703.0
130.5,2,33.4,168858.0
139.2,3,6.5,153442.0
50.2,5,13.8,81705.0
157.1,5,6.9,210383.0
138.2,1,14.2,159130.0
75.6,4,33.7,133463.0
101.1,1,45.5,112988.0
130.5,4,10.1,148400.0
122.1,2,27.1,132606.0
108.3,3,35.1,97195.0
115.9,4,47.6,138175.0
109.9,3,30.5,139801.0
126.1,5,12.8,169472.0
178.9,3,31.3,220393.0
30.0,5,16.0,105363.0
110.5,4,48.8,133634.0
127.1,2,20.0,128344.0
131.8,4,34.3,173352.0
105.1,3,1.2,164245.0
49.7,3,20.0,99397.0
133.1,1,43.8,162277.0
189.1,1,30.5,188405.0
58.6,3,22.2,131594.0
154.6,1,46.8,150628.0
106.9,5,42.7,151792.0
117.5,5,16.1,140816.0
77.9,4,27.2,105805.0
106.6,4,24.5,170010.0
172.0,3,31.6,193922.0
143.3,1,16.7,185551.0
189.3,2,12.2,224591.0
167.1,3,45.6,183432.0
137.6,5,46.2,186549.0
189.8,2,42.2,199932.0
137.6,3,48.9,129747.0
153.1,2,37.2,161409.0
108.1,1,38.2,136651.0
122.7,1,38.1,147451.0
92.1,2,24.0,102969.0
159.6,1,22.8,173066.0
72.9,1,12.0,103648.0
151.3,2,32.2,169338.0
112.4,2,14.5,129818.0
166.8,3,12.9,195005.0
150.0,1,29.3,160523.0
192.8,2,20.5,230817.0
149.2,3,10.9,201879.0
57.1,5,40.8,94738.0
117.3,4,43.0,139892.0
73.1,5,8.4,132876.0
99.3,2,0.4,134868.0
180.4,3,16.8,197118.0
145.5,3,39.9,154923.0
92.0,5,42.0,118141.0
79.5,5,6.9,119904.0
121.3,5,38.7,158381.0
71.3,4,5.8,137678.0
93.2,3,19.5,110331.0
132.5,3,49.9,151651.0
166.2,5,9.6,210514.0
144.4,2,7.7,188419.0
30.0,2,21.1,72122.0
132.2,5,31.0,148563.0
122.9,2,46.6,121670.0
136.6,2,49.0,151917.0
184.6,3,3.5,241526.0
37.5,2,6.9,54371.0
96.4,5,39.5,138184.0
143.6,5,13.5,208998.0
56.7,2,44.2,80222.0
179.0,3,33.2,211484.0
134.7,5,5.6,177359.0
153.9,4,41.6,177711.0
97.2,2,8.8,115842.0
152.6,3,21.2,151425.0
162.7,4,27.6,210041.0
129.3,4,25.0,152586.0
129.4,1,34.3,143021.0
130.8,2,32.6,135355.0
85.5,5,49.6,96009.0
114.1,2,50.0,128099.0
113.9,2,25.8,134072.0
135.3,2,4.8,182616.0
160.0,1,36.4,182946.0
77.7,1,48.8,99406.0
115.0,2,15.9,155529.0
179.3,5,23.1,241163.0
90.3,1,21.2,106474.0
87.1,2,2.6,134032.0
128.1,1,33.6,166105.0
153.8,3,17.7,208766.0
120.5,2,39.4,121461.0
173.2,4,41.6,192194.0
154.3,3,41.1,196579.0
153.7,4,20.8,199427.0
142.2,4,16.1,187231.0
213.1,3,37.4,228066.0
111.8,5,40.1,140815.0
39.9,3,24.6,87459.0
184.2,5,44.7,205177.0
101.7,5,7.2,156567.0
124.3,3,44.0,148691.0
172.4,4,4.8,208090.0
55.9,2,7.7,111695.0
69.9,5,26.7,160639.0
55.9,4,3.4,87674.0
88.2,5,2.6,152687.0
137.6,2,0.0,170409.0
141.0,4,21.8,188442.0
131.1,3,38.7,157406.0
63.5,1,1.7,121523.0
30.0,1,32.6,79065.0
122.2,3,41.2,150149.0
101.1,2,8.4,160957.0
138.4,1,7.3,138968.0
148.1,3,43.0,193303.0
125.5,4,41.2,159909.0
150.4,2,26.9,193364.0
129.2,5,41.0,143377.0
141.2,4,4.6,177838.0
91.8,3,19.7,134986.0
112.8,5,36.9,149144.0
127.9,3,12.9,173606.0
152.8,1,37.6,185237.0
104.3,1,25.2,106222.0
140.8,5,37.5,188861.0
109.4,5,23.2,154614.0
115.3,4,18.4,155675.0
153.2,1,11.0,163220.0
40.3,2,10.4,95544.0
68.1,1,37.6,56571.0
60.7,1,5.9,114800.0
30.0,2,4.3,60039.0
92.9,3,8.8,141096.0
150.0,1,8.8,181932.0
108.6,5,41.2,160594.0
127.9,3,19.9,162485.0
163.6,2,49.5,165088.0
173.1,3,6.9,206081.0
117.2,4,32.7,170998.0
174.1,2,22.4,209312.0
123.7,1,19.6,147745.0
86.5,1,43.8,102054.0
96.2,5,48.8,103826.0
60.8,1,43.6,88342.0
84.5,4,9.6,109861.0
105.7,2,11.0,157764.0
152.1,4,32.8,185176.0
188.8,1,14.5,251079.0
64.7,5,36.7,89698.0
135.7,4,28.3,169609.0
78.4,3,27.5,142987.0
139.0,2,41.4,176104.0
114.8,5,35.5,141522.0
46.8,2,1.3,102650.0
157.1,3,2.5,201965.0
95.8,2,30.1,130403.0
98.6,2,24.3,121714.0
77.2,3,13.0,122344.0
93.8,1,20.9,101915.0
137.1,1,37.9,156694.0
112.4,2,41.3,141139.0
133.1,1,28.1,153584.0
134.5,3,19.3,147242.0
172.8,5,13.5,232251.0
106.3,1,26.1,139470.0
60.9,1,15.7,88500.0
162.7,1,28.2,179288.0
106.7,3,33.8,115257.0
164.6,2,3.3,188762.0
135.3,3,0.1,175702.0
114.8,1,10.6,169337.0
134.0,2,44.7,142128.0
198.0,3,32.3,230451.0
203.1,3,8.6,231538.0
122.8,3,44.5,149509.0
126.4,4,23.5,163547.0
163.0,3,23.8,207558.0
86.2,5,46.8,111468.0
133.3,3,3.0,156618.0
119.0,2,10.8,137884.0
132.6,2,29.3,151749.0
86.7,2,9.8,111398.0
56.4,3,34.0,98543.0
37.1,2,10.7,77963.0
75.3,5,5.0,170419.0
101.7,3,10.3,121212.0
108.3,5,21.1,157818.0
197.5,4,8.8,221537.0
164.2,2,6.7,194374.0
81.5,2,43.0,107678.0
133.9,4,16.0,142025.0
103.7,2,18.0,144075.0
108.6,2,2.8,182648.0
127.4,5,17.9,167149.0
144.8,3,13.2,188243.0
106.4,1,30.5,146846.0
162.6,3,10.3,199678.0
74.3,3,44.4,93525.0
120.3,5,46.5,116202.0
223.9,4,5.0,274136.0
128.9,1,5.4,165111.0
177.3,1,5.8,194946.0
123.7,4,31.0,160607.0
143.2,1,6.1,170494.0
117.7,2,42.6,130458.0
113.2,1,37.7,142332.0
88.8,1,41.0,89269.0
137.2,5,26.3,193419.0
85.9,1,49.8,80479.0
146.6,1,2.2,174695.0
163.4,5,20.1,233877.0
134.7,1,16.2,182387.0
108.6,5,47.4,140700.0
138.2,1,28.8,146929.0
107.7,1,40.3,118763.0
157.4,1,8.5,191669.0
46.7,4,48.9,79273.0
106.6,4,24.9,145596.0
40.4,3,24.7,83058.0
60.2,2,48.5,79836.0
